chain,residue_number,residue_name,x,y,z
A,5,ARG,-1.77,50.678,77.291
A,6,ASP,0.173,53.166,75.139
A,7,PRO,-0.782,53.697,71.439
A,8,ALA,2.197,51.676,70.148
A,9,SER,1.257,48.604,72.232
A,10,ASP,-2.344,48.828,71.02
A,11,GLN,-1.47,48.941,67.291
A,12,MET,-3.243,45.674,66.37
A,13,GLN,-6.207,46.273,68.686
A,14,HIS,-6.845,49.645,67.004
A,15,TRP,-6.461,48.154,63.526
A,16,LYS,-9.066,45.514,64.462
A,17,GLU,-11.467,48.11,65.898
A,18,GLN,-11.17,50.354,62.829
A,19,ARG,-12.888,47.661,60.757
A,20,ALA,-15.384,46.17,63.227
A,21,ALA,-18.33,46.536,60.837
A,22,GLN,-16.595,44.42,58.164
A,23,LYS,-15.854,40.771,57.547
A,24,ALA,-12.222,39.742,57.04
A,25,ASP,-10.758,39.832,53.528
A,26,VAL,-10.296,36.553,51.652
A,27,LEU,-6.78,35.142,52.111
A,28,THR,-5.112,34.82,48.703
A,29,THR,-1.82,33.797,47.143
A,30,GLY,0.402,36.508,45.636
A,31,ALA,-1.458,36.113,42.335
A,32,GLY,-4.801,36.69,44.062
A,33,ASN,-5.971,33.062,44.03
A,34,PRO,-8.154,32.357,47.106
A,35,VAL,-6.662,29.927,49.642
A,36,GLY,-8.754,27.091,51.085
A,37,ASP,-6.459,26.095,53.971
A,38,LYS,-3.247,28.004,54.765
A,39,LEU,-2.643,26.074,57.985
A,40,ASN,-1.716,22.663,56.527
A,41,VAL,0.495,21.576,53.616
A,42,ILE,-0.385,18.959,50.978
A,43,THR,0.9,15.439,51.674
A,44,VAL,0.171,11.92,50.387
A,45,GLY,-1.834,10.546,53.288
A,46,PRO,-1.571,11.803,56.916
A,47,ARG,2.102,10.817,57.335
A,48,GLY,3.318,11.027,53.741
A,49,PRO,5.814,13.442,52.099
A,50,LEU,5.173,16.989,50.798
A,51,LEU,4.015,17.659,47.227
A,52,VAL,5.341,20.238,44.768
A,53,GLN,1.757,20.985,43.679
A,54,ASP,1.24,22.723,47.026
A,55,VAL,1.764,26.111,45.365
A,56,VAL,0.108,27.945,48.275
A,57,PHE,3.006,26.789,50.471
A,58,THR,5.777,27.618,47.971
A,59,ASP,4.326,31.013,47.03
A,60,GLU,4.249,32.092,50.687
A,61,MET,7.549,30.486,51.722
A,62,ALA,9.424,31.86,48.697
A,63,HIS,8.35,35.384,49.62
A,64,PHE,9.244,34.842,53.295
A,65,ASP,12.663,33.65,52.075
A,66,ARG,13.083,37.039,50.322
A,67,GLU,11.861,39.494,52.978
A,68,ARG,15.235,40.999,53.817
A,69,ILE,17.16,43.631,51.888
A,70,PRO,20.63,44.961,52.809
A,71,GLU,20.508,47.353,55.77
A,72,ARG,22.028,50.831,55.293
A,73,VAL,25.854,50.659,55.339
A,74,VAL,25.688,53.304,58.114
A,75,HIS,22.69,54.654,60.083
A,76,ALA,21.022,51.217,59.884
A,77,LYS,19.02,51.618,63.116
A,78,GLY,16.306,54.256,62.892
A,79,ALA,12.801,55.689,63.212
A,80,GLY,10.622,57.578,60.736
A,81,ALA,7.757,60.084,60.611
A,82,PHE,6.026,62.513,58.249
A,83,GLY,4.626,66.027,58.363
A,84,TYR,5.262,69.4,56.775
A,85,PHE,7.636,72.331,56.462
A,86,GLU,6.136,75.812,56.695
A,87,VAL,7.872,78.986,55.548
A,88,THR,7.639,81.615,58.292
A,89,HIS,10.264,84.139,57.134
A,90,ASP,11.324,85.519,53.741
A,91,ILE,14.768,84.43,52.495
A,92,THR,14.067,84.896,48.769
A,93,LYS,16.846,87.498,48.689
A,94,TYR,19.196,84.517,49.13
A,95,SER,17.41,81.596,47.452
A,96,LYS,14.927,81.338,44.579
A,97,ALA,13.993,77.758,45.592
A,98,LYS,10.236,77.19,45.319
A,99,VAL,10.209,75.563,48.761
A,100,PHE,10.975,79.066,50.194
A,101,GLU,8.724,80.969,47.703
A,102,HIS,6.233,82.574,50.119
A,103,ILE,5.784,82.926,53.851
A,104,GLY,3.0,80.526,54.781
A,105,LYS,3.869,78.066,52.016
A,106,LYS,3.714,74.475,53.261
A,107,THR,5.637,71.546,51.768
A,108,PRO,5.167,67.867,52.747
A,109,ILE,8.176,66.233,54.421
A,110,ALA,9.432,62.766,55.317
A,111,VAL,11.984,62.313,58.118
A,112,ARG,14.19,59.471,59.353
A,113,PHE,16.181,59.581,62.602
A,114,SER,18.969,57.121,63.374
A,115,THR,22.189,56.167,65.134
A,116,VAL,25.311,55.462,63.024
A,117,ALA,27.451,52.408,63.826
A,118,GLY,24.948,49.882,65.154
A,119,GLU,23.226,47.384,62.886
A,120,SER,19.441,46.883,62.605
A,120,SER,19.476,46.869,62.655
A,121,GLY,18.922,45.123,65.939
A,121,GLY,18.428,45.554,66.04
A,122,SER,21.092,47.485,67.98
A,123,ALA,19.967,49.801,70.81
A,124,ASP,18.752,53.386,70.335
A,125,THR,20.169,54.928,73.533
A,126,VAL,23.899,54.572,72.824
A,127,ARG,26.655,57.155,72.342
A,128,ASP,26.801,57.959,68.629
A,129,PRO,25.906,60.872,66.366
A,130,ARG,22.239,60.957,65.302
A,131,GLY,20.985,61.081,61.734
A,132,PHE,18.229,63.601,61.017
A,133,ALA,17.361,63.393,57.316
A,134,VAL,14.557,65.504,55.837
A,135,LYS,12.909,64.918,52.444
A,136,PHE,11.023,67.939,51.079
A,137,TYR,8.571,66.968,48.302
A,138,THR,8.681,70.242,46.315
A,139,GLU,7.192,71.15,42.934
A,140,ASP,10.757,71.463,41.684
A,141,GLY,11.323,67.844,42.698
A,142,ASN,12.582,66.389,45.957
A,143,TRP,15.041,68.294,48.117
A,144,ASP,16.911,66.006,50.498
A,145,LEU,18.635,67.707,53.434
A,146,VAL,20.448,64.707,54.905
A,147,GLY,21.598,66.137,58.22
A,148,ASN,22.953,64.97,61.579
A,149,ASN,22.425,66.16,65.169
A,150,THR,25.824,67.888,64.971
A,151,PRO,27.019,70.858,62.841
A,152,ILE,30.367,69.148,62.142
A,153,PHE,31.916,65.745,61.412
A,154,PHE,34.983,63.664,62.346
A,155,ILE,36.836,64.102,59.032
A,156,ARG,37.189,66.673,56.241
A,157,ASP,37.963,64.52,53.169
A,158,PRO,35.518,61.836,51.872
A,159,ILE,38.246,59.356,50.915
A,160,LEU,38.784,58.659,54.65
A,161,PHE,35.08,57.932,55.207
A,162,PRO,35.106,54.161,54.488
A,163,SER,38.132,53.82,56.815
A,164,PHE,36.483,55.905,59.533
A,165,ILE,33.3,53.838,59.379
A,166,HIS,35.341,50.619,59.408
A,167,SER,37.149,51.801,62.562
A,168,GLN,33.783,52.511,64.23
A,169,LYS,32.357,49.097,63.388
A,170,ARG,33.386,45.474,63.908
A,171,ASN,36.849,43.923,63.795
A,172,PRO,37.079,41.973,60.484
A,173,GLN,38.176,38.757,62.2
A,174,THR,36.469,38.723,65.612
A,175,HIS,33.347,40.698,64.616
A,176,LEU,33.636,42.612,67.898
A,177,LYS,33.759,46.342,68.622
A,178,ASP,37.435,47.304,68.731
A,179,PRO,38.753,50.244,70.859
A,180,ASP,42.185,49.86,69.203
A,181,MET,40.536,50.465,65.802
A,182,VAL,38.444,53.361,67.112
A,183,TRP,41.298,55.209,68.802
A,184,ASP,44.136,54.314,66.442
A,185,PHE,42.155,56.063,63.694
A,186,TRP,41.106,59.055,65.825
A,187,SER,44.574,59.535,67.33
A,188,LEU,46.217,59.386,63.881
A,189,ARG,43.586,61.752,62.436
A,190,PRO,43.338,64.645,64.968
A,191,GLU,40.936,66.588,62.707
A,192,SER,38.376,64.416,64.526
A,193,LEU,38.997,66.291,67.814
A,194,HIS,36.116,68.728,67.336
A,195,GLN,33.378,66.132,66.707
A,196,VAL,34.873,63.636,69.194
A,197,SER,34.482,66.381,71.822
A,198,PHE,30.804,66.845,70.844
A,199,LEU,30.266,63.076,70.761
A,200,PHE,31.586,62.44,74.26
A,201,SER,29.702,65.405,75.764
A,202,ASP,26.189,65.258,77.286
A,203,ARG,24.616,65.562,73.828
A,204,GLY,26.243,62.274,72.89
A,205,ILE,23.075,60.45,73.985
A,206,PRO,19.943,62.567,73.427
A,207,ASP,16.693,61.629,75.158
A,208,GLY,14.959,60.364,72.033
A,209,HIS,14.78,62.079,68.649
A,210,ARG,12.512,64.942,69.731
A,211,HIS,15.075,66.426,72.132
A,212,MET,17.975,67.083,69.749
A,213,ASN,18.87,69.584,67.011
A,214,GLY,19.41,68.934,63.319
A,215,TYR,22.027,70.479,61.027
A,216,GLY,22.918,70.225,57.356
A,217,SER,26.504,70.403,58.704
A,218,HIS,28.014,71.271,55.315
A,219,THR,28.272,74.714,53.84
A,220,PHE,25.813,74.841,50.915
A,221,LYS,25.18,77.43,48.197
A,222,LEU,22.023,79.504,47.727
A,223,VAL,21.214,81.27,44.45
A,224,ASN,18.538,83.955,44.055
A,225,ALA,16.425,85.058,41.073
A,226,ASN,19.112,87.547,39.98
A,227,GLY,21.74,84.812,39.684
A,228,GLU,23.535,86.093,42.796
A,229,ALA,24.961,83.481,45.18
A,230,VAL,25.897,83.181,48.85
A,231,TYR,27.052,80.326,51.064
A,232,CYS,24.843,79.011,53.864
A,233,LYS,24.44,76.582,56.757
A,234,PHE,21.149,74.913,57.712
A,235,HIS,20.128,74.618,61.383
A,236,TYR,16.905,73.155,62.807
A,237,LYS,16.58,73.568,66.58
A,238,THR,14.231,71.47,68.715
A,239,ASP,11.081,73.223,69.927
A,240,GLN,10.869,70.554,72.644
A,241,GLY,14.199,71.615,74.15
A,242,ILE,17.556,69.838,74.345
A,243,LYS,17.351,66.847,76.7
A,244,ASN,19.921,64.109,77.193
A,245,LEU,20.167,60.738,78.902
A,246,SER,22.823,60.094,81.547
A,247,VAL,25.315,57.344,80.706
A,248,GLU,23.661,55.217,83.398
A,249,ASP,20.077,55.664,82.19
A,250,ALA,21.175,55.18,78.565
A,251,ALA,22.865,51.906,79.529
A,252,ARG,19.777,50.685,81.413
A,253,LEU,17.456,51.636,78.547
A,254,SER,19.646,49.894,75.952
A,255,GLN,18.724,46.681,77.763
A,256,GLU,15.164,47.53,78.863
A,257,ASP,14.077,49.026,75.549
A,258,PRO,16.501,48.818,72.595
A,259,ASP,13.821,50.653,70.585
A,260,TYR,13.404,53.628,72.94
A,261,GLY,13.705,56.249,70.178
A,262,ILE,11.222,54.468,67.91
A,263,ARG,8.645,54.039,70.699
A,264,ASP,9.054,57.609,71.994
A,265,LEU,8.471,59.162,68.566
A,266,PHE,5.512,56.938,67.655
A,267,ASN,3.676,57.514,70.955
A,268,ALA,4.247,61.277,70.879
A,269,ILE,2.699,61.57,67.413
A,270,ALA,-0.047,59.058,68.257
A,271,THR,-1.033,61.179,71.271
A,272,GLY,-1.018,64.486,69.385
A,273,LYS,2.315,65.688,70.79
A,274,TYR,3.688,66.564,67.337
A,275,PRO,7.398,67.439,67.631
A,276,SER,8.625,70.523,65.781
A,277,TRP,11.896,72.254,64.921
A,278,THR,12.581,75.87,63.996
A,279,PHE,14.509,76.067,60.703
A,280,TYR,17.317,78.662,60.318
A,281,ILE,20.207,79.491,57.988
A,282,GLN,23.522,81.273,58.416
A,283,VAL,24.717,83.317,55.462
A,284,MET,28.283,83.98,54.351
A,285,THR,28.919,86.086,51.257
A,286,PHE,31.703,85.155,48.859
A,287,ASN,33.737,88.079,50.216
A,288,GLN,33.317,86.883,53.798
A,289,ALA,34.381,83.406,52.622
A,290,GLU,37.713,85.016,51.672
A,291,THR,38.306,86.395,55.171
A,292,PHE,37.055,83.418,57.236
A,293,PRO,39.94,82.295,59.567
A,294,PHE,39.635,78.699,58.375
A,295,ASN,38.377,76.922,55.264
A,296,PRO,34.641,77.767,55.271
A,297,PHE,34.073,74.424,53.508
A,298,ASP,35.957,72.435,56.177
A,299,LEU,33.348,70.119,57.766
A,300,THR,35.235,70.09,61.093
A,301,LYS,34.53,73.827,61.487
A,302,VAL,31.434,75.813,62.474
A,303,TRP,30.649,79.447,61.654
A,304,PRO,30.577,81.363,64.987
A,305,HIS,27.092,82.704,65.787
A,306,LYS,28.237,86.237,66.687
A,307,ASP,29.909,86.575,63.282
A,308,TYR,27.172,84.729,61.337
A,309,PRO,23.795,85.104,63.15
A,310,LEU,21.045,82.531,62.667
A,311,ILE,18.336,83.782,60.302
A,312,PRO,14.893,82.199,60.909
A,313,VAL,13.271,80.567,57.878
A,314,GLY,10.478,78.222,58.916
A,315,LYS,9.157,75.222,60.828
A,316,LEU,9.467,71.447,60.541
A,317,VAL,6.505,69.565,62.027
A,318,LEU,6.085,65.787,62.324
A,319,ASN,2.422,64.846,62.702
A,320,ARG,2.037,61.469,60.995
A,321,ASN,3.346,58.029,61.937
A,322,PRO,4.305,55.435,59.301
A,323,VAL,1.524,52.946,58.494
A,324,ASN,3.991,50.263,57.356
A,325,TYR,7.565,50.629,58.616
A,326,PHE,9.337,48.584,55.937
A,327,ALA,7.666,50.381,53.034
A,328,GLU,7.884,53.933,54.416
A,329,VAL,10.976,53.896,56.625
A,330,GLU,13.263,50.962,55.833
A,331,GLN,12.901,51.735,52.119
A,332,ILE,13.191,55.543,52.298
A,333,ALA,16.211,56.998,50.493
A,334,PHE,17.723,60.469,50.913
A,335,ASP,20.258,61.79,48.363
A,336,PRO,22.189,64.99,49.252
A,337,SER,22.438,65.502,45.467
A,338,ASN,18.643,66.007,45.29
A,339,MET,18.756,69.815,45.306
A,340,PRO,16.194,71.943,43.424
A,341,PRO,17.005,75.217,41.638
A,342,GLY,18.09,77.806,44.213
A,343,ILE,20.063,75.356,46.359
A,344,GLU,23.457,73.989,45.267
A,345,ALA,26.583,72.243,46.549
A,346,SER,29.61,74.062,47.966
A,347,PRO,33.246,72.927,47.406
A,348,ASP,33.153,71.021,50.744
A,349,LYS,35.113,67.871,49.825
A,350,MET,32.917,65.785,52.126
A,351,LEU,29.681,67.03,50.544
A,352,GLN,31.198,66.488,47.085
A,353,GLY,31.771,62.804,47.891
A,354,ARG,28.225,62.408,49.23
A,355,LEU,26.875,63.672,45.887
A,356,PHE,28.052,60.35,44.45
A,357,ALA,27.707,57.945,47.399
A,358,TYR,23.979,58.075,48.176
A,359,PRO,22.372,57.438,44.77
A,360,ASP,25.112,54.815,44.302
A,361,THR,24.362,52.921,47.537
A,362,HIS,20.616,53.266,46.903
A,363,ARG,20.888,51.563,43.516
A,364,HIS,22.469,48.669,45.456
A,365,ARG,20.418,48.599,48.678
A,366,LEU,17.024,49.216,47.083
A,367,GLY,17.468,48.773,43.346
A,368,PRO,18.069,50.699,40.079
A,369,ASN,14.519,52.084,40.185
A,370,TYR,14.487,53.04,43.879
A,371,LEU,13.021,56.492,43.053
A,372,HIS,9.828,54.706,42.018
A,372,HIS,9.85,54.596,41.948
A,373,ILE,9.215,53.349,45.534
A,374,PRO,6.251,55.476,46.738
A,375,VAL,8.026,57.146,49.669
A,376,ASN,10.941,58.15,47.395
A,377,CYS,8.741,59.443,44.56
A,377,CYS,8.817,59.403,44.475
A,378,PRO,8.866,63.192,43.814
A,379,TYR,5.058,63.062,43.73
A,380,ARG,4.681,66.858,43.725
A,381,ALA,6.608,67.075,40.442
A,382,ARG,6.134,65.49,37.038
A,383,VAL,9.134,63.306,36.245
A,384,ALA,9.741,63.632,32.508
A,385,ASN,13.025,62.665,30.872
A,386,TYR,14.849,60.193,28.644
A,387,GLN,15.519,57.495,31.239
A,388,ARG,13.915,54.101,30.592
A,389,ASP,13.643,50.49,31.757
A,390,GLY,15.766,48.874,34.47
A,391,PRO,14.65,46.089,36.882
A,392,MET,11.301,46.431,38.65
A,393,CYS,10.208,49.274,36.366
A,394,MET,7.073,50.17,38.303
A,395,GLN,5.154,52.741,36.237
A,396,ASP,4.311,52.839,32.524
A,397,ASN,7.973,53.677,31.911
A,398,GLN,6.9,56.975,30.291
A,399,GLY,4.856,55.115,27.684
A,400,GLY,5.627,55.632,24.026
A,401,ALA,7.266,59.044,24.455
A,402,PRO,10.343,59.627,22.218
A,403,ASN,13.337,58.358,24.227
A,404,TYR,16.234,60.428,22.845
A,405,TYR,17.228,64.086,23.194
A,406,PRO,17.215,66.233,21.18
A,407,ASN,14.184,65.172,19.121
A,408,SER,11.607,66.704,16.76
A,409,PHE,8.649,64.902,18.337
A,410,GLY,7.551,66.971,21.336
A,411,ALA,9.296,65.067,24.143
A,412,PRO,10.575,66.859,27.356
A,413,GLU,12.687,70.014,27.011
A,414,GLN,15.428,71.453,29.224
A,415,GLN,14.645,74.631,31.198
A,416,PRO,17.506,77.217,30.945
A,417,SER,16.403,79.023,34.127
A,418,ALA,17.371,75.855,36.048
A,419,LEU,21.018,76.224,34.98
A,420,GLU,23.565,75.998,37.821
A,421,HIS,25.738,78.842,39.17
A,422,SER,29.119,79.447,37.476
A,423,ILE,32.282,79.979,39.543
A,424,GLN,35.966,80.301,38.6
A,425,TYR,38.411,78.282,40.732
A,426,SER,42.167,78.82,41.057
A,427,GLY,44.879,76.21,41.503
A,428,GLU,46.078,72.944,39.984
A,429,VAL,43.901,69.857,39.663
A,430,ARG,45.456,67.504,42.21
A,431,ARG,45.141,66.001,45.699
A,432,PHE,45.655,68.776,48.27
A,433,ASN,46.488,67.607,51.778
A,434,THR,44.169,68.907,54.512
A,435,ALA,45.393,66.734,57.374
A,436,ASN,47.302,69.775,58.67
A,437,ASP,44.463,72.312,58.602
A,438,ASP,43.587,73.648,62.067
A,439,ASN,42.498,70.752,64.29
A,440,VAL,42.389,72.396,67.749
A,441,THR,41.292,76.072,67.842
A,442,GLN,37.514,75.699,67.6
A,443,VAL,37.774,72.649,69.872
A,444,ARG,39.443,74.812,72.542
A,445,ALA,36.604,77.348,72.293
A,446,PHE,34.107,74.531,72.876
A,447,TYR,36.013,73.093,75.853
A,448,VAL,36.73,76.453,77.496
A,449,ASN,33.796,78.718,76.551
A,450,VAL,30.845,76.447,75.812
A,451,LEU,31.206,73.747,78.467
A,452,ASN,31.202,74.4,82.21
A,453,GLU,33.332,72.536,84.757
A,454,GLU,30.937,69.64,85.421
A,455,GLN,30.393,69.171,81.674
A,456,ARG,34.146,69.082,81.064
A,457,LYS,34.416,66.531,83.886
A,458,ARG,31.837,64.212,82.293
A,459,LEU,33.389,64.696,78.839
A,460,CYS,36.756,63.525,80.168
A,461,GLU,35.164,60.652,82.083
A,462,ASN,33.233,59.497,78.991
A,463,ILE,36.357,59.551,76.798
A,464,ALA,38.55,57.847,79.405
A,465,GLY,35.918,55.168,80.043
A,466,HIS,36.224,54.052,76.417
A,467,LEU,39.841,54.972,75.588
A,468,LYS,41.069,52.905,78.566
A,469,ASP,40.567,49.713,76.543
A,470,ALA,42.917,50.789,73.734
A,471,GLN,46.66,49.988,73.949
A,472,ILE,48.888,52.341,75.938
A,473,PHE,50.65,53.714,72.847
A,474,ILE,47.237,54.624,71.395
A,475,GLN,46.21,56.191,74.731
A,476,LYS,49.415,58.27,74.753
A,477,LYS,48.903,59.549,71.195
A,478,ALA,45.246,60.397,71.879
A,479,VAL,46.076,62.283,75.1
A,480,LYS,48.791,64.146,73.178
A,481,ASN,46.069,65.425,70.819
A,482,PHE,43.693,66.426,73.626
A,483,THR,46.576,68.252,75.328
A,484,GLU,47.1,70.376,72.193
A,485,VAL,43.463,71.497,72.532
A,486,HIS,43.997,72.419,76.191
A,487,PRO,46.399,71.091,78.879
A,488,ASP,43.515,70.414,81.324
A,489,TYR,41.6,68.399,78.707
A,490,GLY,44.562,66.073,78.234
A,491,SER,45.695,65.909,81.874
A,492,HIS,42.207,65.206,83.232
A,493,ILE,41.848,62.365,80.715
A,494,GLN,45.321,61.038,81.585
A,495,ALA,44.522,61.142,85.317
A,496,LEU,41.407,59.057,84.669
A,497,LEU,43.312,56.625,82.418
A,498,ASP,45.89,56.134,85.177
A,499,LYS,42.989,55.211,87.463
A,500,TYR,41.416,52.761,84.951
A,501,ASN,44.763,51.197,84.009
B,5,ARG,3.72,54.787,6.16
B,6,ASP,2.478,51.874,8.305
B,7,PRO,1.286,52.458,11.917
B,8,ALA,4.431,50.971,13.502
B,9,SER,6.764,53.252,11.495
B,10,ASP,4.656,56.291,12.394
B,11,GLN,4.706,55.615,16.158
B,12,MET,6.614,58.796,17.083
B,13,GLN,4.773,60.947,14.549
B,14,HIS,1.451,59.816,16.047
B,15,TRP,2.637,60.428,19.625
B,16,LYS,3.674,63.947,18.598
B,17,GLU,0.333,64.646,16.908
B,18,GLN,-1.563,63.479,20.0
B,19,ARG,0.356,66.1,22.01
B,20,ALA,0.092,68.838,19.344
B,21,ALA,-0.73,72.426,20.304
B,22,GLN,0.599,71.846,23.829
B,23,LYS,3.969,72.689,25.383
B,24,ALA,6.551,69.968,25.967
B,25,ASP,7.059,68.828,29.558
B,26,VAL,9.974,70.161,31.593
B,27,LEU,12.944,67.763,31.438
B,28,THR,13.821,66.632,34.969
B,29,THR,16.232,64.373,36.834
B,30,GLY,14.836,61.158,38.316
B,31,ALA,14.092,63.063,41.534
B,32,GLY,12.013,65.594,39.596
B,33,ASN,14.534,68.461,39.633
B,34,PRO,14.283,70.603,36.436
B,35,VAL,17.318,70.376,34.149
B,36,GLY,18.888,73.537,32.737
B,37,ASP,21.115,71.931,30.098
B,38,LYS,21.15,68.178,29.391
B,39,LEU,23.324,68.543,26.277
B,40,ASN,26.656,69.546,27.883
B,41,VAL,28.46,68.308,30.999
B,42,ILE,30.097,70.472,33.689
B,43,THR,33.849,70.901,33.147
B,44,VAL,36.785,72.883,34.562
B,45,GLY,36.872,75.456,31.769
B,46,PRO,36.066,74.614,28.099
B,47,ARG,38.865,72.006,27.856
B,48,GLY,39.05,70.769,31.447
B,49,PRO,37.914,67.55,33.24
B,50,LEU,34.407,66.528,34.36
B,51,LEU,33.065,67.381,37.838
B,52,VAL,31.33,64.993,40.239
B,53,GLN,28.831,67.79,40.995
B,54,ASP,27.324,67.252,37.549
B,55,VAL,24.531,65.186,39.105
B,56,VAL,22.339,65.627,36.021
B,57,PHE,24.913,63.562,34.109
B,58,THR,25.446,60.861,36.75
B,59,ASP,21.715,60.499,37.439
B,60,GLU,20.982,59.867,33.755
B,61,MET,24.087,57.746,33.065
B,62,ALA,23.608,55.561,36.167
B,63,HIS,20.121,54.679,34.983
B,64,PHE,21.303,54.021,31.422
B,65,ASP,23.928,51.693,32.914
B,66,ARG,21.103,49.707,34.566
B,67,GLU,18.519,49.401,31.769
B,68,ARG,19.067,45.71,31.101
B,69,ILE,17.594,42.795,33.003
B,70,PRO,18.205,39.082,32.302
B,71,GLU,16.316,37.864,29.226
B,72,ARG,14.03,34.835,29.662
B,73,VAL,16.085,31.622,29.97
B,74,VAL,13.933,30.298,27.082
B,75,HIS,11.415,32.091,24.823
B,76,ALA,13.491,35.291,25.078
B,77,LYS,12.391,36.66,21.657
B,78,GLY,8.737,37.701,21.608
B,79,ALA,5.788,40.013,20.965
B,80,GLY,2.911,41.099,23.177
B,81,ALA,-0.697,42.239,22.886
B,82,PHE,-3.782,42.635,25.068
B,83,GLY,-7.5,42.04,24.752
B,84,TYR,-10.161,39.82,26.267
B,85,PHE,-11.591,36.33,26.626
B,86,GLU,-15.336,35.912,26.122
B,87,VAL,-17.424,32.904,27.118
B,88,THR,-19.614,31.621,24.257
B,89,HIS,-20.694,28.251,25.701
B,90,ASP,-21.624,26.756,29.079
B,91,ILE,-19.014,24.379,30.534
B,92,THR,-19.962,24.96,34.187
B,93,LYS,-20.831,21.248,34.321
B,94,TYR,-17.054,20.689,34.111
B,95,SER,-15.527,23.755,35.803
B,96,LYS,-16.689,26.191,38.493
B,97,ALA,-13.944,28.707,37.619
B,98,LYS,-15.343,32.255,37.573
B,99,VAL,-13.733,32.907,34.18
B,100,PHE,-16.375,30.532,32.728
B,101,GLU,-19.339,31.383,35.025
B,102,HIS,-21.711,32.659,32.318
B,103,ILE,-22.107,32.99,28.562
B,104,GLY,-21.06,36.456,27.442
B,105,LYS,-18.671,36.987,30.362
B,106,LYS,-15.547,38.943,29.377
B,107,THR,-12.232,38.728,31.2
B,108,PRO,-9.245,40.964,30.322
B,109,ILE,-6.227,39.085,28.948
B,110,ALA,-2.553,39.7,28.247
B,111,VAL,-0.689,37.591,25.691
B,112,ARG,2.941,37.047,24.694
B,113,PHE,4.089,35.138,21.611
B,114,SER,7.643,33.894,21.144
B,115,THR,10.23,31.561,19.643
B,116,VAL,12.254,29.302,21.997
B,117,ALA,16.023,28.978,21.559
B,118,GLY,17.058,32.354,20.162
B,119,GLU,18.173,35.229,22.363
B,120,SER,16.695,38.768,22.385
B,120,SER,16.665,38.72,22.336
B,121,GLY,18.21,39.924,19.089
B,121,GLY,17.557,40.138,18.944
B,122,SER,17.394,36.769,17.139
B,123,ALA,15.035,36.445,14.158
B,124,ASP,11.305,35.715,14.398
B,125,THR,10.91,33.597,11.248
B,126,VAL,12.98,30.558,12.229
B,127,ARG,12.089,26.894,12.799
B,128,ASP,11.179,26.522,16.47
B,129,PRO,8.052,25.981,18.571
B,130,ARG,6.114,29.17,19.357
B,131,GLY,5.111,30.268,22.832
B,132,PHE,1.513,31.493,23.195
B,133,ALA,1.002,32.423,26.84
B,134,VAL,-2.312,33.865,28.038
B,135,LYS,-2.882,35.717,31.318
B,136,PHE,-6.539,35.932,32.37
B,137,TYR,-7.134,38.598,35.035
B,138,THR,-10.035,36.929,36.894
B,139,GLU,-11.9,37.789,40.101
B,140,ASP,-10.304,34.695,41.624
B,141,GLY,-6.877,36.071,40.758
B,142,ASN,-4.739,35.516,37.686
B,143,TRP,-5.004,32.352,35.627
B,144,ASP,-1.951,31.839,33.425
B,145,LEU,-2.37,29.363,30.575
B,146,VAL,1.237,29.189,29.372
B,147,GLY,0.809,27.384,26.079
B,148,ASN,2.727,26.654,22.894
B,149,ASN,1.67,26.361,19.247
B,150,THR,1.869,22.556,19.601
B,151,PRO,-0.264,20.109,21.661
B,152,ILE,2.821,18.093,22.653
B,153,PHE,6.476,18.46,23.682
B,154,PHE,9.891,16.837,23.09
B,155,ILE,10.225,15.178,26.505
B,156,ARG,7.993,13.688,29.223
B,157,ASP,10.028,14.26,32.415
B,158,PRO,11.077,17.756,33.638
B,159,ILE,14.525,16.704,34.882
B,160,LEU,15.555,16.483,31.208
B,161,PHE,14.377,20.029,30.362
B,162,PRO,17.582,21.933,31.251
B,163,SER,19.56,19.366,29.22
B,164,PHE,17.181,19.602,26.253
B,165,ILE,17.377,23.408,26.289
B,166,HIS,21.174,23.334,26.55
B,167,SER,21.344,21.031,23.505
B,168,GLN,19.123,23.499,21.592
B,169,LYS,21.284,26.487,22.458
B,170,ARG,24.966,27.431,22.157
B,171,ASN,28.017,25.196,22.543
B,172,PRO,29.553,26.15,25.954
B,173,GLN,33.002,26.775,24.446
B,174,THR,32.437,28.051,20.906
B,175,HIS,29.121,29.838,21.615
B,176,LEU,27.828,28.466,18.288
B,177,LYS,24.765,26.399,17.419
B,178,ASP,25.801,22.744,17.508
B,179,PRO,24.059,20.066,15.371
B,180,ASP,25.927,17.362,17.324
B,181,MET,24.384,18.606,20.591
B,182,VAL,20.921,18.895,19.019
B,183,TRP,20.848,15.445,17.448
B,184,ASP,22.872,13.542,20.045
B,185,PHE,20.204,14.484,22.6
B,186,TRP,17.256,13.788,20.278
B,187,SER,18.661,10.487,18.975
B,188,LEU,19.38,9.309,22.544
B,189,ARG,15.904,10.412,23.686
B,190,PRO,13.428,9.03,21.076
B,191,GLU,10.41,10.221,23.074
B,192,SER,11.175,13.435,21.155
B,193,LEU,10.064,11.814,17.874
B,194,HIS,6.481,13.113,18.016
B,195,GLN,7.308,16.808,18.519
B,196,VAL,10.402,16.664,16.27
B,197,SER,8.107,15.442,13.468
B,198,PHE,5.713,18.359,14.071
B,199,LEU,8.61,20.834,14.379
B,200,PHE,10.12,19.857,11.034
B,201,SER,6.756,19.898,9.243
B,202,ASP,5.193,23.017,7.643
B,203,ARG,3.875,24.331,10.969
B,204,GLY,7.449,24.629,12.205
B,205,ILE,7.556,28.17,10.784
B,206,PRO,4.157,29.912,11.04
B,207,ASP,3.489,33.1,9.083
B,208,GLY,3.538,35.391,12.101
B,209,HIS,1.679,34.835,15.375
B,210,ARG,-1.868,35.329,14.054
B,211,HIS,-1.742,32.234,11.824
B,212,MET,-0.993,29.481,14.347
B,213,ASN,-2.943,27.639,17.038
B,214,GLY,-2.332,27.639,20.771
B,215,TYR,-2.569,24.692,23.175
B,216,GLY,-2.192,24.177,26.892
B,217,SER,-0.455,20.932,25.832
B,218,HIS,-0.685,19.331,29.287
B,219,THR,-3.68,17.501,30.619
B,220,PHE,-5.222,19.702,33.34
B,221,LYS,-8.023,19.05,35.836
B,222,LEU,-11.417,20.792,35.968
B,223,VAL,-13.532,20.773,39.139
B,224,ASN,-17.225,21.727,39.227
B,225,ALA,-19.523,23.183,41.902
B,226,ASN,-20.399,19.702,43.212
B,227,GLY,-16.736,18.795,43.687
B,228,GLU,-16.739,16.493,40.66
B,229,ALA,-13.598,16.423,38.529
B,230,VAL,-12.595,15.586,34.959
B,231,TYR,-9.359,15.872,32.99
B,232,CYS,-9.045,18.329,30.102
B,233,LYS,-6.909,19.73,27.285
B,234,PHE,-7.098,23.406,26.298
B,235,HIS,-7.092,24.366,22.594
B,236,TYR,-7.33,27.787,20.94
B,237,LYS,-7.55,27.703,17.149
B,238,THR,-6.709,30.65,14.904
B,239,ASP,-9.706,32.396,13.339
B,240,GLN,-7.255,33.826,10.783
B,241,GLY,-6.423,30.344,9.494
B,242,ILE,-3.258,28.246,9.626
B,243,LYS,-0.608,29.812,7.385
B,244,ASN,3.094,28.967,7.215
B,245,LEU,6.265,30.371,5.673
B,246,SER,8.353,28.308,3.267
B,247,VAL,11.953,27.619,4.321
B,248,GLU,13.132,30.032,1.595
B,249,ASP,10.833,32.897,2.603
B,250,ALA,11.548,32.34,6.303
B,251,ALA,15.276,32.507,5.514
B,252,ARG,14.9,35.728,3.51
B,253,LEU,12.661,37.296,6.177
B,254,SER,15.099,36.437,8.979
B,255,GLN,17.574,38.784,7.245
B,256,GLU,15.161,41.401,5.843
B,257,ASP,13.132,41.742,9.034
B,258,PRO,14.189,39.806,12.178
B,259,ASP,11.142,41.332,13.92
B,260,TYR,8.573,40.187,11.35
B,261,GLY,6.285,38.691,14.02
B,262,ILE,6.374,41.804,16.213
B,263,ARG,5.674,44.097,13.237
B,264,ASP,2.892,41.903,11.821
B,265,LEU,1.038,41.775,15.151
B,266,PHE,1.411,45.476,15.976
B,267,ASN,0.243,46.57,12.522
B,268,ALA,-2.705,44.155,12.463
B,269,ILE,-4.011,45.559,15.769
B,270,ALA,-3.15,49.166,14.84
B,271,THR,-5.229,48.878,11.648
B,272,GLY,-8.192,47.26,13.384
B,273,LYS,-7.623,43.699,12.186
B,274,TYR,-7.876,42.245,15.694
B,275,PRO,-6.779,38.587,15.645
B,276,SER,-8.918,36.039,17.477
B,277,TRP,-8.83,32.368,18.45
B,278,THR,-11.714,30.024,19.211
B,279,PHE,-11.162,28.435,22.635
B,280,TYR,-12.059,24.741,23.144
B,281,ILE,-11.508,21.938,25.625
B,282,GLN,-11.362,18.16,25.316
B,283,VAL,-12.749,16.246,28.303
B,284,MET,-11.618,12.869,29.633
B,285,THR,-13.362,11.32,32.633
B,286,PHE,-11.381,9.563,35.36
B,287,ASN,-12.748,6.231,34.053
B,288,GLN,-11.489,7.015,30.544
B,289,ALA,-8.061,7.954,31.935
B,290,GLU,-7.816,4.397,33.294
B,291,THR,-8.442,2.799,29.892
B,292,PHE,-6.509,5.251,27.68
B,293,PRO,-3.975,3.153,25.632
B,294,PHE,-1.11,5.452,26.688
B,295,ASN,-0.415,7.55,29.774
B,296,PRO,-2.992,10.375,29.477
B,297,PHE,-0.498,12.579,31.37
B,298,ASP,2.366,11.888,28.93
B,299,LEU,3.213,15.191,27.207
B,300,THR,4.445,13.402,24.067
B,301,LYS,0.865,12.172,23.481
B,302,VAL,-2.316,13.754,22.131
B,303,TRP,-5.904,12.71,22.862
B,304,PRO,-7.301,11.671,19.431
B,305,HIS,-10.025,14.142,18.432
B,306,LYS,-12.182,11.289,17.122
B,307,ASP,-12.324,9.838,20.645
B,308,TYR,-12.243,13.142,22.563
B,309,PRO,-14.175,15.805,20.559
B,310,LEU,-13.417,19.505,20.887
B,311,ILE,-16.0,21.272,23.053
B,312,PRO,-16.338,25.031,22.35
B,313,VAL,-15.972,27.386,25.318
B,314,GLY,-15.257,30.913,24.098
B,315,LYS,-12.965,33.273,22.191
B,316,LEU,-9.659,35.089,22.659
B,317,VAL,-9.453,38.544,21.058
B,318,LEU,-6.39,40.808,20.931
B,319,ASN,-7.388,44.413,20.29
B,320,ARG,-4.737,46.496,22.077
B,321,ASN,-1.026,47.005,21.465
B,322,PRO,1.509,47.588,24.259
B,323,VAL,2.196,51.289,24.964
B,324,ASN,5.667,50.596,26.386
B,325,TYR,7.177,47.256,25.353
B,326,PHE,9.658,46.885,28.211
B,327,ALA,7.067,47.54,30.929
B,328,GLU,4.228,45.493,29.425
B,329,VAL,5.985,42.77,27.423
B,330,GLU,9.592,42.282,28.498
B,331,GLN,8.471,42.367,32.16
B,332,ILE,5.334,40.215,31.863
B,333,ALA,5.462,36.958,33.841
B,334,PHE,3.276,33.863,33.363
B,335,ASP,3.202,31.099,36.007
B,336,PRO,1.449,27.802,35.139
B,337,SER,0.889,27.507,38.916
B,338,ASN,-1.474,30.515,38.759
B,339,MET,-4.732,28.54,38.589
B,340,PRO,-7.997,29.719,40.219
B,341,PRO,-10.587,27.411,41.874
B,342,GLY,-12.099,25.158,39.22
B,343,ILE,-8.826,24.59,37.332
B,344,GLU,-6.052,22.406,38.778
B,345,ALA,-2.904,20.512,37.805
B,346,SER,-2.758,16.886,36.65
B,347,PRO,0.03,14.381,37.522
B,348,ASP,1.841,15.186,34.214
B,349,LYS,5.482,15.144,35.398
B,350,MET,6.315,18.007,33.016
B,351,LEU,3.511,20.232,34.334
B,352,GLN,4.488,19.362,37.916
B,353,GLY,8.021,20.608,37.266
B,354,ARG,6.699,23.821,35.693
B,355,LEU,4.682,24.524,38.866
B,356,PHE,8.035,25.268,40.533
B,357,ALA,10.19,26.672,37.708
B,358,TYR,8.25,29.759,36.613
B,359,PRO,7.755,31.62,39.911
B,360,ASP,11.342,30.606,40.722
B,361,THR,12.85,32.042,37.527
B,362,HIS,10.637,35.144,37.813
B,363,ARG,11.991,35.894,41.289
B,364,HIS,15.416,35.929,39.596
B,365,ARG,14.656,37.62,36.247
B,366,LEU,12.352,40.326,37.581
B,367,GLY,12.646,40.236,41.364
B,368,PRO,11.076,38.939,44.637
B,369,ASN,8.097,41.278,44.177
B,370,TYR,7.571,40.715,40.438
B,371,LEU,3.812,40.282,41.046
B,372,HIS,3.719,43.982,41.925
B,372,HIS,3.804,44.018,41.994
B,373,ILE,4.769,45.056,38.406
B,374,PRO,1.537,46.453,36.916
B,375,VAL,1.168,43.973,34.029
B,376,ASN,1.655,41.031,36.442
B,377,CYS,-0.706,42.334,39.144
B,377,CYS,-0.775,42.37,39.055
B,378,PRO,-4.019,40.428,39.647
B,379,TYR,-5.848,43.771,39.39
B,380,ARG,-9.344,42.264,39.34
B,381,ALA,-8.778,40.541,42.701
B,382,ARG,-7.898,41.866,46.147
B,383,VAL,-4.549,40.453,47.24
B,384,ALA,-4.737,40.004,51.015
B,385,ASN,-2.433,37.689,52.928
B,386,TYR,0.48,37.43,55.346
B,387,GLN,3.329,38.089,52.917
B,388,ARG,5.403,41.216,53.565
B,389,ASP,8.472,43.21,52.564
B,390,GLY,11.138,42.114,50.084
B,391,PRO,13.133,44.253,47.565
B,392,MET,11.238,46.976,45.697
B,393,CYS,8.059,46.71,47.746
B,394,MET,5.985,49.039,45.559
B,395,GLN,2.632,49.098,47.348
B,396,ASP,1.861,50.002,50.978
B,397,ASN,2.914,46.454,51.881
B,398,GLN,-0.607,45.805,53.258
B,399,GLY,-0.193,48.617,55.803
B,400,GLY,-0.529,47.91,59.508
B,401,ALA,-2.557,44.704,59.104
B,402,PRO,-1.727,41.802,61.516
B,403,ASN,1.013,39.813,59.764
B,404,TYR,0.563,36.318,61.243
B,405,TYR,-2.074,33.594,60.775
B,406,PRO,-4.073,32.626,62.703
B,407,ASN,-4.809,35.874,64.589
B,408,SER,-7.545,37.431,66.745
B,409,PHE,-7.371,40.825,65.037
B,410,GLY,-9.517,40.582,61.902
B,411,ALA,-6.87,39.936,59.224
B,412,PRO,-7.521,37.816,56.034
B,413,GLU,-9.185,34.412,56.45
B,414,GLN,-8.854,31.235,54.382
B,415,GLN,-11.884,30.308,52.288
B,416,PRO,-13.156,26.679,52.575
B,417,SER,-14.807,26.843,49.132
B,418,ALA,-11.344,27.399,47.59
B,419,LEU,-10.02,24.067,48.91
B,420,GLU,-8.459,21.878,46.194
B,421,HIS,-9.905,18.656,44.802
B,422,SER,-8.672,15.468,46.491
B,423,ILE,-7.468,12.365,44.621
B,424,GLN,-5.958,9.271,46.23
B,425,TYR,-2.626,7.968,44.918
B,426,SER,-0.792,4.75,45.77
B,427,GLY,2.614,3.329,44.997
B,428,GLU,6.255,3.596,45.907
B,429,VAL,7.661,7.093,46.21
B,430,ARG,10.576,6.771,43.782
B,431,ARG,11.878,7.654,40.327
B,432,PHE,9.894,5.718,37.705
B,433,ASN,11.547,5.381,34.277
B,434,THR,9.419,6.592,31.357
B,435,ALA,12.117,6.602,28.651
B,436,ASN,10.663,3.368,27.309
B,437,ASP,7.033,4.518,27.152
B,438,ASP,5.61,4.396,23.615
B,439,ASN,7.729,6.688,21.453
B,440,VAL,6.531,5.771,17.955
B,441,THR,2.832,4.82,17.644
B,442,GLN,1.216,8.269,17.577
B,443,VAL,4.187,9.512,15.519
B,444,ARG,3.394,6.906,12.84
B,445,ALA,-0.206,8.145,12.725
B,446,PHE,1.041,11.715,12.258
B,447,TYR,3.518,10.721,9.535
B,448,VAL,1.018,8.491,7.697
B,449,ASN,-2.413,10.11,8.158
B,450,VAL,-1.994,13.735,9.245
B,451,LEU,0.584,14.452,6.522
B,452,ASN,0.369,13.65,2.811
B,453,GLU,3.073,12.701,0.289
B,454,GLU,4.322,16.244,-0.432
B,455,GLN,4.304,17.157,3.272
B,456,ARG,6.231,13.981,4.149
B,457,LYS,8.757,14.886,1.448
B,458,ARG,9.327,18.347,2.95
B,459,LEU,9.514,16.954,6.5
B,460,CYS,12.302,14.57,5.473
B,461,GLU,14.109,17.316,3.55
B,462,ASN,13.944,19.724,6.505
B,463,ILE,15.254,17.089,8.918
B,464,ALA,18.031,15.945,6.568
B,465,GLY,19.004,19.548,5.867
B,466,HIS,19.869,20.053,9.527
B,467,LEU,20.89,16.537,10.61
B,468,LYS,23.498,16.317,7.818
B,469,ASP,25.831,18.503,9.874
B,470,ALA,25.86,16.024,12.772
B,471,GLN,28.45,13.219,12.858
B,472,ILE,27.675,9.972,11.01
B,473,PHE,27.156,7.94,14.204
B,474,ILE,24.515,10.47,15.267
B,475,GLN,22.842,10.489,11.835
B,476,LYS,22.699,6.687,12.064
B,477,LYS,21.047,6.524,15.482
B,478,ALA,18.614,9.269,14.457
B,479,VAL,17.697,7.394,11.267
B,480,LYS,17.241,4.215,13.321
B,481,ASN,14.594,6.002,15.429
B,482,PHE,12.83,7.403,12.349
B,483,THR,12.835,3.928,10.769
B,484,GLU,11.062,2.603,13.887
B,485,VAL,8.284,5.141,13.255
B,486,HIS,8.034,4.089,9.608
B,487,PRO,10.574,2.503,7.217
B,488,ASP,9.702,5.168,4.617
B,489,TYR,10.45,7.96,7.129
B,490,GLY,13.929,6.626,7.904
B,491,SER,14.843,5.556,4.348
B,492,HIS,13.829,8.891,2.814
B,493,ILE,15.936,10.808,5.351
B,494,GLN,18.863,8.426,4.771
B,495,ALA,18.698,8.911,0.994
B,496,LEU,18.864,12.689,1.489
B,497,LEU,21.725,12.363,3.999
B,498,ASP,23.592,10.148,1.513
B,499,LYS,23.464,13.033,-0.977
B,500,TYR,24.629,15.627,1.567
B,501,ASN,27.457,13.418,2.858
C,5,ARG,44.724,41.54,77.028
C,6,ASP,42.578,38.641,75.767
C,7,PRO,43.174,37.154,72.272
C,8,ALA,40.093,38.819,70.73
C,9,SER,41.219,42.282,71.87
C,10,ASP,44.771,41.727,70.594
C,11,GLN,43.665,40.675,67.083
C,12,MET,45.32,43.553,65.199
C,13,GLN,48.41,43.494,67.421
C,14,HIS,48.972,39.803,66.674
C,15,TRP,48.374,40.322,62.946
C,16,LYS,50.982,43.107,62.997
C,17,GLU,53.478,41.0,64.982
C,18,GLN,53.122,38.099,62.552
C,19,ARG,54.368,40.402,59.785
C,20,ALA,57.049,42.281,61.757
C,21,ALA,59.753,40.993,59.399
C,22,GLN,57.977,42.363,56.287
C,23,LYS,57.402,45.637,54.458
C,24,ALA,53.738,46.671,54.121
C,25,ASP,52.027,45.759,50.845
C,26,VAL,51.435,48.41,48.193
C,27,LEU,47.936,49.914,48.499
C,28,THR,46.053,49.313,45.23
C,29,THR,42.671,49.929,43.621
C,30,GLY,40.38,46.934,43.077
C,31,ALA,41.988,46.444,39.652
C,32,GLY,45.473,46.3,41.2
C,33,ASN,46.682,49.78,40.183
C,34,PRO,49.083,51.26,42.815
C,35,VAL,47.615,54.199,44.762
C,36,GLY,49.726,57.336,45.224
C,37,ASP,47.621,59.087,47.873
C,38,LYS,44.472,57.56,49.368
C,39,LEU,44.057,60.273,52.016
C,40,ASN,43.051,63.236,49.815
C,41,VAL,40.712,63.492,46.816
C,42,ILE,41.445,65.329,43.545
C,43,THR,39.995,68.862,43.456
C,44,VAL,40.125,72.007,41.292
C,45,GLY,42.592,73.88,43.472
C,46,PRO,42.665,73.61,47.308
C,47,ARG,39.086,74.878,47.66
C,48,GLY,37.602,73.561,44.423
C,49,PRO,35.074,70.785,43.586
C,50,LEU,35.735,67.03,43.171
C,51,LEU,36.77,65.46,39.84
C,52,VAL,35.28,62.371,38.223
C,53,GLN,38.833,61.384,37.223
C,54,ASP,39.565,60.619,40.875
C,55,VAL,39.003,56.927,40.17
C,56,VAL,40.816,55.9,43.373
C,57,PHE,38.023,57.627,45.308
C,58,THR,35.137,56.193,43.267
C,59,ASP,36.569,52.656,43.159
C,60,GLU,36.83,52.591,46.968
C,61,MET,33.569,54.423,47.734
C,62,ALA,31.537,52.345,45.269
C,63,HIS,32.696,49.192,47.058
C,64,PHE,31.953,50.678,50.496
C,65,ASP,28.467,51.528,49.21
C,66,ARG,27.959,47.811,48.449
C,67,GLU,29.373,46.117,51.561
C,68,ARG,26.048,44.933,52.967
C,69,ILE,24.031,41.887,51.933
C,70,PRO,20.635,40.882,53.369
C,71,GLU,20.963,39.363,56.849
C,72,ARG,19.462,35.891,57.396
C,73,VAL,15.638,36.109,57.584
C,74,VAL,15.992,34.223,60.904
C,75,HIS,19.08,33.441,63.039
C,76,ALA,20.685,36.702,61.848
C,77,LYS,22.88,37.148,64.97
C,78,GLY,25.599,34.538,65.304
C,79,ALA,29.139,33.26,65.774
C,80,GLY,31.218,30.78,63.794
C,81,ALA,34.038,28.273,64.206
C,82,PHE,35.685,25.344,62.423
C,83,GLY,37.053,21.943,63.363
C,84,TYR,36.26,18.298,62.755
C,85,PHE,33.94,15.393,63.425
C,86,GLU,35.615,12.163,64.532
C,87,VAL,33.979,8.718,64.454
C,88,THR,34.415,6.896,67.783
C,89,HIS,31.865,4.097,67.303
C,90,ASP,30.669,1.949,64.41
C,91,ILE,27.124,2.628,63.159
C,92,THR,27.658,1.255,59.644
C,93,LYS,24.895,-1.301,60.363
C,94,TYR,22.49,1.675,60.226
C,95,SER,24.116,4.056,57.734
C,96,LYS,26.463,3.668,54.77
C,97,ALA,27.256,7.409,54.79
C,98,LYS,30.978,7.905,54.188
C,99,VAL,31.12,10.317,57.122
C,100,PHE,30.665,7.278,59.448
C,101,GLU,32.598,4.605,57.465
C,102,HIS,35.2,3.748,60.131
C,103,ILE,36.355,4.518,63.65
C,104,GLY,38.944,7.276,63.741
C,105,LYS,37.769,8.871,60.496
C,106,LYS,37.846,12.673,60.769
C,107,THR,35.723,14.953,58.569
C,108,PRO,36.279,18.743,58.463
C,109,ILE,33.333,20.729,59.832
C,110,ALA,32.125,24.331,59.867
C,111,VAL,29.738,25.513,62.591
C,112,ARG,27.58,28.578,63.162
C,113,PHE,25.752,29.306,66.422
C,114,SER,23.002,31.916,66.692
C,115,THR,19.871,33.324,68.315
C,116,VAL,16.606,33.474,66.301
C,117,ALA,14.48,36.648,66.3
C,118,GLY,17.048,39.402,66.759
C,119,GLU,18.645,41.18,63.825
C,120,SER,22.382,41.62,63.301
C,120,SER,22.413,41.47,63.187
C,121,GLY,23.489,43.926,66.094
C,121,GLY,22.875,44.209,65.786
C,122,SER,21.045,42.475,68.65
C,123,ALA,22.378,40.97,71.9
C,124,ASP,23.578,37.398,72.347
C,125,THR,22.363,36.797,75.906
C,126,VAL,18.596,36.932,75.357
C,127,ARG,15.841,34.322,75.703
C,128,ASP,15.478,32.517,72.377
C,129,PRO,16.306,29.116,70.922
C,130,ARG,19.907,28.784,69.694
C,131,GLY,20.938,27.652,66.237
C,132,PHE,23.71,25.029,66.069
C,133,ALA,24.319,24.303,62.377
C,134,VAL,26.997,21.826,61.314
C,135,LYS,28.491,21.547,57.824
C,136,PHE,30.384,18.269,57.201
C,137,TYR,32.636,18.431,54.117
C,138,THR,32.507,14.782,53.0
C,139,GLU,33.755,12.884,49.942
C,140,ASP,30.095,12.358,49.017
C,141,GLY,29.553,16.115,49.1
C,142,ASN,28.475,18.376,51.927
C,143,TRP,26.205,17.146,54.685
C,144,ASP,24.448,19.979,56.504
C,145,LEU,22.901,19.104,59.873
C,146,VAL,21.121,22.379,60.594
C,147,GLY,20.251,21.886,64.258
C,148,ASN,19.027,23.887,67.251
C,149,ASN,19.776,23.707,70.977
C,150,THR,16.407,21.939,71.347
C,151,PRO,15.1,18.53,70.152
C,152,ILE,11.7,20.006,69.257
C,153,PHE,10.054,23.099,67.761
C,154,PHE,7.036,25.397,68.306
C,155,ILE,5.039,24.118,65.304
C,156,ARG,4.582,20.877,63.322
C,157,ASP,3.607,22.229,59.861
C,158,PRO,5.93,24.472,57.755
C,159,ILE,3.15,26.634,56.318
C,160,LEU,2.846,28.262,59.77
C,161,PHE,6.563,29.1,59.949
C,162,PRO,6.454,32.521,58.235
C,163,SER,3.554,33.465,60.552
C,164,PHE,5.336,32.184,63.657
C,165,ILE,8.491,34.129,62.8
C,166,HIS,6.44,37.252,62.056
C,167,SER,4.79,36.993,65.496
C,168,GLN,8.249,36.704,67.095
C,169,LYS,9.601,39.778,65.322
C,170,ARG,8.57,43.414,64.928
C,171,ASN,5.08,44.887,64.622
C,172,PRO,4.653,45.874,60.918
C,173,GLN,3.648,49.44,61.796
C,174,THR,5.531,50.375,64.98
C,175,HIS,8.647,48.224,64.348
C,176,LEU,8.547,47.153,68.013
C,177,LYS,8.453,43.756,69.707
C,178,ASP,4.785,42.942,70.291
C,179,PRO,3.628,40.688,73.197
C,180,ASP,0.112,40.572,71.686
C,181,MET,1.573,39.128,68.472
C,182,VAL,3.799,36.664,70.345
C,183,TRP,1.085,35.331,72.652
C,184,ASP,-1.911,35.578,70.31
C,185,PHE,-0.102,33.128,68.01
C,186,TRP,1.11,30.846,70.81
C,187,SER,-2.275,30.752,72.573
C,188,LEU,-4.097,30.005,69.289
C,189,ARG,-1.542,27.321,68.359
C,190,PRO,-1.125,25.204,71.553
C,191,GLU,1.155,22.72,69.749
C,192,SER,3.768,25.291,70.819
C,193,LEU,3.355,24.328,74.508
C,194,HIS,6.252,21.838,74.518
C,195,GLN,8.925,24.164,73.053
C,196,VAL,7.539,27.231,74.86
C,197,SER,8.066,25.246,78.071
C,198,PHE,11.719,24.557,77.127
C,199,LEU,12.224,28.156,75.986
C,200,PHE,11.089,29.713,79.255
C,201,SER,13.04,27.247,81.404
C,202,ASP,16.623,27.786,82.611
C,203,ARG,18.015,26.623,79.263
C,204,GLY,16.344,29.523,77.451
C,205,ILE,19.524,31.575,77.918
C,206,PRO,22.648,29.348,77.776
C,207,ASP,25.967,30.684,79.049
C,208,GLY,27.526,31.027,75.611
C,209,HIS,27.474,28.457,72.811
C,210,ARG,29.875,26.005,74.457
C,211,HIS,27.472,25.259,77.314
C,212,MET,24.425,24.021,75.379
C,213,ASN,23.436,20.881,73.473
C,214,GLY,22.679,20.56,69.778
C,215,TYR,20.001,18.425,68.124
C,216,GLY,18.914,17.641,64.584
C,217,SER,15.391,17.861,66.073
C,218,HIS,13.72,16.082,63.144
C,219,THR,13.453,12.368,62.654
C,220,PHE,15.763,11.474,59.739
C,221,LYS,16.293,8.246,57.824
C,222,LEU,19.462,6.148,57.786
C,223,VAL,20.142,3.647,54.998
C,224,ASN,22.866,0.989,55.092
C,225,ALA,24.895,-0.839,52.422
C,226,ASN,22.165,-3.478,52.073
C,227,GLY,19.471,-0.9,51.378
C,228,GLU,17.908,-1.44,54.813
C,229,ALA,16.545,1.656,56.538
C,230,VAL,15.749,2.924,60.022
C,231,TYR,14.627,6.274,61.411
C,232,CYS,16.895,8.32,63.666
C,233,LYS,17.396,11.433,65.797
C,234,PHE,20.733,13.254,66.066
C,235,HIS,21.948,14.502,69.467
C,236,TYR,25.201,16.321,70.264
C,237,LYS,25.691,16.906,73.983
C,238,THR,28.129,19.497,75.333
C,239,ASP,31.341,18.116,76.835
C,240,GLN,31.732,21.459,78.658
C,241,GLY,28.515,20.776,80.555
C,242,ILE,25.152,22.523,80.516
C,243,LYS,25.491,26.005,82.003
C,244,ASN,22.902,28.786,81.89
C,245,LEU,22.721,32.504,82.622
C,246,SER,20.242,33.911,85.129
C,247,VAL,17.638,36.377,83.87
C,248,GLU,19.485,39.115,85.784
C,249,ASP,22.974,38.329,84.455
C,250,ALA,21.639,37.853,80.91
C,251,ALA,20.005,41.283,81.099
C,252,ARG,23.186,42.951,82.385
C,253,LEU,25.344,41.217,79.763
C,254,SER,22.942,42.21,76.978
C,255,GLN,23.971,45.783,77.831
C,256,GLU,27.62,45.266,78.811
C,257,ASP,28.444,42.929,75.94
C,258,PRO,25.866,42.255,73.186
C,259,ASP,28.532,40.017,71.594
C,260,TYR,29.144,37.824,74.652
C,261,GLY,28.689,34.592,72.68
C,262,ILE,31.016,35.632,69.859
C,263,ARG,33.718,36.745,72.31
C,264,ASP,33.377,33.653,74.512
C,265,LEU,33.775,31.232,71.593
C,266,PHE,36.652,33.126,69.984
C,267,ASN,38.691,33.431,73.177
C,268,ALA,38.085,29.785,74.112
C,269,ILE,39.498,28.559,70.802
C,270,ALA,42.279,31.174,70.741
C,271,THR,43.478,29.985,74.172
C,272,GLY,43.358,26.287,73.294
C,273,LYS,40.141,25.463,75.162
C,274,TYR,38.58,23.722,72.147
C,275,PRO,34.893,23.002,72.866
C,276,SER,33.535,19.57,71.979
C,277,TRP,30.237,17.679,71.851
C,278,THR,29.569,13.948,72.022
C,279,PHE,27.547,12.928,68.948
C,280,TYR,24.754,10.352,69.416
C,281,ILE,21.8,8.932,67.488
C,282,GLN,18.536,7.332,68.565
C,283,VAL,17.229,4.577,66.33
C,284,MET,13.606,3.667,65.638
C,285,THR,12.831,0.759,63.317
C,286,PHE,9.99,1.037,60.813
C,287,ASN,8.065,-1.437,63.017
C,288,GLN,8.506,0.783,66.072
C,289,ALA,7.398,3.808,64.034
C,290,GLU,4.088,2.008,63.474
C,291,THR,3.601,1.481,67.218
C,292,PHE,4.773,4.882,68.534
C,293,PRO,1.871,6.442,70.566
C,294,PHE,2.333,9.766,68.729
C,295,ASN,3.358,10.669,65.19
C,296,PRO,7.09,9.804,65.158
C,297,PHE,7.518,12.57,62.55
C,298,ASP,5.823,15.262,64.698
C,299,LEU,8.452,17.932,65.472
C,300,THR,6.804,18.768,68.808
C,301,LYS,7.59,15.249,70.08
C,302,VAL,10.749,13.568,71.392
C,303,TRP,11.546,9.846,71.565
C,304,PRO,11.816,8.931,75.289
C,305,HIS,15.361,7.875,76.237
C,306,LYS,14.261,4.721,78.073
C,307,ASP,12.548,3.376,74.955
C,308,TYR,15.131,4.799,72.53
C,309,PRO,18.607,4.929,74.176
C,310,LEU,21.332,7.274,72.919
C,311,ILE,23.866,5.392,70.771
C,312,PRO,27.361,6.994,70.709
C,313,VAL,28.762,7.77,67.25
C,314,GLY,31.53,10.339,67.505
C,315,LYS,32.728,13.786,68.534
C,316,LEU,32.39,17.342,67.219
C,317,VAL,35.477,19.458,67.974
C,318,LEU,35.914,23.173,67.22
C,319,ASN,39.592,24.142,67.122
C,320,ARG,39.797,26.994,64.601
C,321,ASN,38.454,30.553,64.59
C,322,PRO,37.345,32.41,61.451
C,323,VAL,40.071,34.57,59.845
C,324,ASN,37.529,36.839,58.131
C,325,TYR,34.067,36.768,59.693
C,326,PHE,32.138,38.072,56.684
C,327,ALA,33.659,35.575,54.262
C,328,GLU,33.544,32.524,56.541
C,329,VAL,30.556,33.177,58.813
C,330,GLU,28.182,35.834,57.437
C,331,GLN,28.331,34.114,54.026
C,332,ILE,28.123,30.498,55.242
C,333,ALA,25.027,28.625,54.047
C,334,PHE,23.568,25.413,55.463
C,335,ASP,20.934,23.46,53.499
C,336,PRO,19.057,20.629,55.292
C,337,SER,18.636,19.128,51.791
C,338,ASN,22.417,18.588,51.586
C,339,MET,22.363,14.922,52.624
C,340,PRO,24.804,12.319,51.237
C,341,PRO,23.936,8.668,50.431
C,342,GLY,23.102,6.856,53.671
C,343,ILE,21.232,9.833,55.163
C,344,GLU,17.761,10.872,53.978
C,345,ALA,14.714,12.894,55.005
C,346,SER,11.682,11.533,56.84
C,347,PRO,8.017,12.53,56.209
C,348,ASP,8.266,15.231,58.935
C,349,LYS,6.289,18.076,57.29
C,350,MET,8.587,20.681,58.861
C,351,LEU,11.727,19.006,57.473
C,352,GLN,9.998,18.604,54.112
C,353,GLY,9.4,22.363,53.999
C,354,ARG,13.016,23.143,54.951
C,355,LEU,14.221,21.042,51.986
C,356,PHE,12.897,23.869,49.799
C,357,ALA,13.386,26.965,51.958
C,358,TYR,17.131,27.0,52.562
C,359,PRO,18.549,26.709,49.038
C,360,ASP,15.781,29.147,48.041
C,361,THR,16.679,31.829,50.588
C,362,HIS,20.381,31.301,49.851
C,363,ARG,19.861,32.041,46.164
C,364,HIS,18.411,35.355,47.376
C,365,ARG,20.657,36.265,50.336
C,366,LEU,23.946,35.236,48.739
C,367,GLY,23.28,34.581,45.059
C,368,PRO,22.501,31.881,42.44
C,369,ASN,26.071,30.587,42.709
C,370,TYR,26.347,30.744,46.522
C,371,LEU,27.793,27.197,46.505
C,372,HIS,30.861,28.739,44.787
C,373,ILE,31.664,30.818,47.893
C,374,PRO,34.731,29.057,49.438
C,375,VAL,33.137,28.241,52.795
C,376,ASN,30.116,26.69,51.014
C,377,CYS,32.15,24.67,48.494
C,377,CYS,32.028,24.692,48.386
C,378,PRO,31.997,20.87,48.833
C,379,TYR,35.802,20.961,48.535
C,380,ARG,36.297,17.279,49.379
C,381,ALA,34.082,16.228,46.472
C,382,ARG,34.375,16.654,42.708
C,383,VAL,31.388,18.715,41.537
C,384,ALA,30.526,17.464,38.052
C,385,ASN,27.137,17.986,36.436
C,386,TYR,25.129,19.775,33.746
C,387,GLN,24.616,23.071,35.571
C,388,ARG,26.139,26.189,33.999
C,389,ASP,26.42,29.968,34.146
C,390,GLY,24.458,32.256,36.472
C,391,PRO,25.664,35.566,38.0
C,392,MET,29.117,35.65,39.588
C,393,CYS,30.187,32.348,38.062
C,394,MET,33.501,32.202,39.939
C,395,GLN,34.898,28.893,38.721
C,396,ASP,35.859,27.552,35.286
C,397,ASN,32.13,26.817,34.775
C,398,GLN,33.172,23.218,34.008
C,399,GLY,35.03,24.381,30.904
C,400,GLY,34.008,22.962,27.553
C,401,ALA,32.415,19.78,28.925
C,402,PRO,29.227,18.585,27.122
C,403,ASN,26.393,20.389,28.931
C,404,TYR,23.441,18.057,28.296
C,405,TYR,22.473,14.652,29.703
C,406,PRO,22.38,12.027,28.293
C,407,ASN,25.288,12.492,25.85
C,408,SER,27.706,10.385,23.785
C,409,PHE,30.74,12.514,24.637
C,410,GLY,31.968,11.23,27.994
C,411,ALA,30.484,13.825,30.358
C,412,PRO,29.382,12.971,33.986
C,413,GLU,27.229,9.893,34.619
C,414,GLN,24.632,9.15,37.29
C,415,GLN,25.668,6.635,39.97
C,416,PRO,23.008,3.886,40.527
C,417,SER,24.403,3.184,44.022
C,418,ALA,23.372,6.712,45.087
C,419,LEU,19.686,5.983,44.477
C,420,GLU,17.389,6.947,47.376
C,421,HIS,15.465,4.471,49.576
C,422,SER,11.953,3.543,48.322
C,423,ILE,8.89,3.573,50.591
C,424,GLN,5.294,2.838,49.601
C,425,TYR,2.422,5.193,50.464
C,426,SER,-1.311,5.303,49.851
C,427,GLY,-3.677,8.128,50.636
C,428,GLU,-5.527,11.194,49.434
C,429,VAL,-3.22,13.969,48.308
C,430,ARG,-4.632,16.797,50.42
C,431,ARG,-4.078,19.004,53.466
C,432,PHE,-4.366,16.878,56.622
C,433,ASN,-4.957,18.894,59.782
C,434,THR,-2.35,18.383,62.521
C,435,ALA,-3.52,21.21,64.802
C,436,ASN,-5.272,18.655,66.998
C,437,ASP,-2.482,16.135,67.484
C,438,ASP,-1.495,15.684,71.14
C,439,ASN,-0.264,19.062,72.441
C,440,VAL,0.074,18.365,76.183
C,441,THR,1.191,14.837,77.181
C,442,GLN,4.948,15.148,76.644
C,443,VAL,4.861,18.678,78.076
C,444,ARG,3.296,17.328,81.283
C,445,ALA,6.109,14.769,81.542
C,446,PHE,8.613,17.628,81.269
C,447,TYR,6.862,19.857,83.815
C,448,VAL,6.135,17.088,86.326
C,449,ASN,8.999,14.585,85.958
C,450,VAL,11.953,16.439,84.42
C,451,LEU,11.853,19.775,86.273
C,452,ASN,11.979,20.218,90.052
C,453,GLU,9.938,22.725,92.083
C,454,GLU,12.672,25.391,91.94
C,455,GLN,12.814,25.109,88.133
C,456,ARG,9.014,25.051,87.714
C,457,LYS,8.824,28.263,89.749
C,458,ARG,11.306,30.08,87.485
C,459,LEU,9.558,28.685,84.397
C,460,CYS,6.243,30.178,85.506
C,461,GLU,7.938,33.453,86.474
C,462,ASN,9.681,33.795,83.1
C,463,ILE,6.418,33.165,81.239
C,464,ALA,4.324,35.527,83.374
C,465,GLY,6.961,38.25,83.187
C,466,HIS,6.478,38.428,79.414
C,467,LEU,2.843,37.337,79.037
C,468,LYS,1.789,40.099,81.469
C,469,ASP,2.092,42.624,78.635
C,470,ALA,-0.33,40.814,76.304
C,471,GLN,-4.054,41.697,76.503
C,472,ILE,-6.164,39.976,79.182
C,473,PHE,-8.098,37.807,76.706
C,474,ILE,-4.765,36.533,75.354
C,475,GLN,-3.471,35.903,78.899
C,476,LYS,-6.614,33.856,79.629
C,477,LYS,-6.365,31.665,76.533
C,478,ALA,-2.641,31.116,77.146
C,479,VAL,-3.36,30.145,80.773
C,480,LYS,-6.123,27.778,79.658
C,481,ASN,-3.501,25.957,77.549
C,482,PHE,-0.989,25.729,80.405
C,483,THR,-3.772,24.455,82.679
C,484,GLU,-4.421,21.618,80.223
C,485,VAL,-0.769,20.578,80.636
C,486,HIS,-1.184,20.68,84.424
C,487,PRO,-3.465,22.705,86.754
C,488,ASP,-0.449,23.818,88.819
C,489,TYR,1.303,25.088,85.662
C,490,GLY,-1.65,27.297,84.774
C,491,SER,-2.555,28.373,88.317
C,492,HIS,1.016,29.388,89.182
C,493,ILE,1.255,31.477,86.008
C,494,GLN,-2.176,33.011,86.674
C,495,ALA,-1.133,33.941,90.219
C,496,LEU,1.931,35.804,88.932
C,497,LEU,-0.168,37.486,86.238
C,498,ASP,-2.644,38.66,88.893
C,499,LYS,0.235,40.283,90.766
C,500,TYR,1.521,41.949,87.566
C,501,ASN,-1.899,43.17,86.4
D,5,ARG,34.838,19.108,9.929
D,6,ASP,36.196,22.435,11.218
D,7,PRO,37.619,22.822,14.774
D,8,ALA,34.545,24.685,16.07
D,9,SER,32.152,21.965,14.872
D,10,ASP,34.365,19.289,16.444
D,11,GLN,34.491,20.9,19.908
D,12,MET,32.693,18.042,21.689
D,13,GLN,34.378,15.281,19.686
D,14,HIS,37.763,16.731,20.661
D,15,TRP,36.764,17.074,24.33
D,16,LYS,35.729,13.4,24.294
D,17,GLU,38.978,12.29,22.64
D,18,GLN,41.04,14.164,25.227
D,19,ARG,39.359,12.154,28.025
D,20,ALA,40.537,9.056,26.141
D,21,ALA,39.997,5.91,28.224
D,22,GLN,38.986,7.808,31.384
D,23,LYS,35.793,6.716,33.15
D,24,ALA,33.154,9.466,33.283
D,25,ASP,33.068,11.588,36.443
D,26,VAL,30.278,10.923,38.934
D,27,LEU,27.284,13.223,38.332
D,28,THR,26.591,15.271,41.478
D,29,THR,24.278,17.946,42.826
D,30,GLY,25.734,21.435,43.334
D,31,ALA,26.671,20.433,46.885
D,32,GLY,28.652,17.474,45.522
D,33,ASN,26.184,14.723,46.514
D,34,PRO,26.284,11.795,44.026
D,35,VAL,23.164,11.444,41.862
D,36,GLY,21.557,8.017,41.427
D,37,ASP,19.181,8.897,38.581
D,38,LYS,19.044,12.312,36.902
D,39,LEU,16.693,11.15,34.139
D,40,ASN,13.457,10.66,36.138
D,41,VAL,11.829,12.684,38.932
D,42,ILE,10.404,11.296,42.196
D,43,THR,6.639,10.687,42.059
D,44,VAL,3.957,9.005,44.212
D,45,GLY,3.492,5.915,42.06
D,46,PRO,4.103,5.807,38.254
D,47,ARG,1.337,8.324,37.491
D,48,GLY,1.392,10.315,40.72
D,49,PRO,2.505,13.887,41.583
D,50,LEU,6.042,15.232,42.087
D,51,LEU,7.658,15.27,45.541
D,52,VAL,9.435,18.211,47.209
D,53,GLN,12.031,15.725,48.498
D,54,ASP,13.297,15.365,44.94
D,55,VAL,16.137,17.764,45.704
D,56,VAL,18.164,16.545,42.71
D,57,PHE,15.446,18.025,40.487
D,58,THR,15.073,21.309,42.384
D,59,ASP,18.83,21.854,42.694
D,60,GLU,19.284,21.498,38.931
D,61,MET,16.12,23.375,37.896
D,62,ALA,16.759,26.288,40.26
D,63,HIS,20.205,26.824,38.721
D,64,PHE,18.799,26.528,35.192
D,65,ASP,16.228,29.176,36.182
D,66,ARG,19.125,31.497,37.057
D,67,GLU,21.513,30.996,34.129
D,68,ARG,20.999,34.425,32.564
D,69,ILE,22.553,37.734,33.555
D,70,PRO,21.804,41.108,31.902
D,71,GLU,23.539,41.475,28.536
D,72,ARG,25.818,44.523,28.071
D,73,VAL,23.753,47.7,27.561
D,74,VAL,25.722,48.241,24.309
D,75,HIS,28.099,45.862,22.468
D,76,ALA,26.036,42.858,23.644
D,77,LYS,26.951,40.629,20.665
D,78,GLY,30.584,39.527,20.601
D,79,ALA,33.516,37.107,20.528
D,80,GLY,36.596,36.699,22.706
D,81,ALA,40.176,35.434,22.617
D,82,PHE,43.409,35.605,24.619
D,83,GLY,47.106,36.082,23.943
D,84,TYR,49.836,38.602,24.642
D,85,PHE,51.21,42.064,23.96
D,86,GLU,54.899,42.263,23.078
D,87,VAL,56.991,45.444,23.17
D,88,THR,59.058,45.888,20.001
D,89,HIS,60.189,49.509,20.456
D,90,ASP,61.342,51.805,23.251
D,91,ILE,58.834,54.539,24.172
D,92,THR,59.979,55.001,27.787
D,93,LYS,60.791,58.642,26.981
D,94,TYR,56.999,59.116,26.812
D,95,SER,55.612,56.561,29.304
D,96,LYS,56.955,54.923,32.477
D,97,ALA,54.209,52.266,32.398
D,98,LYS,55.575,48.811,33.28
D,99,VAL,53.806,47.302,30.27
D,100,PHE,56.283,49.248,28.062
D,101,GLU,59.429,49.022,30.248
D,102,HIS,61.665,47.049,27.864
D,103,ILE,61.853,45.678,24.324
D,104,GLY,60.778,42.043,24.289
D,105,LYS,58.522,42.348,27.347
D,106,LYS,55.357,40.244,27.028
D,107,THR,52.137,40.946,28.933
D,108,PRO,49.129,38.565,28.849
D,109,ILE,46.024,40.035,27.21
D,110,ALA,42.315,39.278,26.904
D,111,VAL,40.242,40.661,24.042
D,112,ARG,36.567,40.971,23.192
D,113,PHE,35.263,42.035,19.771
D,114,SER,31.664,43.132,19.21
D,115,THR,29.001,45.037,17.286
D,116,VAL,27.093,47.839,19.067
D,117,ALA,23.286,48.053,18.772
D,118,GLY,22.21,44.432,18.401
D,119,GLU,21.234,42.295,21.363
D,120,SER,22.681,38.871,22.118
D,120,SER,22.772,38.895,22.25
D,121,GLY,21.526,36.632,19.29
D,121,GLY,20.87,37.053,19.518
D,122,SER,21.749,39.366,16.645
D,123,ALA,23.933,38.896,13.55
D,124,ASP,27.663,39.639,13.355
D,125,THR,27.821,40.865,9.746
D,126,VAL,25.792,44.082,10.02
D,127,ARG,26.702,47.758,9.575
D,128,ASP,27.794,49.072,12.975
D,129,PRO,31.038,50.1,14.663
D,130,ARG,33.047,47.21,16.152
D,131,GLY,34.278,47.038,19.714
D,132,PHE,37.898,45.926,20.131
D,133,ALA,38.647,45.949,23.859
D,134,VAL,42.017,44.849,25.234
D,135,LYS,42.793,43.935,28.846
D,136,PHE,46.504,43.981,29.73
D,137,TYR,47.276,42.054,32.932
D,138,THR,50.275,44.123,34.097
D,139,GLU,52.336,44.067,37.31
D,140,ASP,50.843,47.496,38.04
D,141,GLY,47.348,46.044,37.784
D,142,ASN,45.047,45.78,34.796
D,143,TRP,45.143,48.281,31.955
D,144,ASP,41.945,48.272,29.918
D,145,LEU,42.207,49.892,26.501
D,146,VAL,38.54,49.77,25.528
D,147,GLY,38.761,50.599,21.844
D,148,ASN,36.637,50.54,18.695
D,149,ASN,37.442,49.86,15.029
D,150,THR,37.271,53.624,14.386
D,151,PRO,39.498,56.526,15.585
D,152,ILE,36.452,58.733,16.207
D,153,PHE,32.862,58.665,17.509
D,154,PHE,29.41,60.123,16.745
D,155,ILE,29.305,62.607,19.631
D,156,ARG,31.727,64.737,21.654
D,157,ASP,29.862,65.047,24.988
D,158,PRO,28.907,61.999,27.146
D,159,ILE,25.558,63.389,28.312
D,160,LEU,24.202,62.648,24.82
D,161,PHE,25.392,59.017,24.9
D,162,PRO,22.255,57.412,26.391
D,163,SER,20.153,59.347,23.838
D,164,PHE,22.357,58.328,20.9
D,165,ILE,22.225,54.667,21.932
D,166,HIS,18.446,54.877,22.414
D,167,SER,18.069,56.299,18.894
D,168,GLN,20.136,53.366,17.537
D,169,LYS,18.075,50.724,19.312
D,170,ARG,14.389,49.796,19.46
D,171,ASN,11.358,52.098,19.458
D,172,PRO,10.017,52.083,23.073
D,173,GLN,6.497,51.103,21.993
D,174,THR,6.831,48.908,18.888
D,175,HIS,10.205,47.333,19.818
D,176,LEU,11.323,47.8,16.193
D,177,LYS,14.345,49.538,14.649
D,178,ASP,13.285,53.104,13.858
D,179,PRO,14.82,55.137,10.977
D,180,ASP,13.057,58.263,12.273
D,181,MET,14.857,57.869,15.619
D,182,VAL,18.224,57.15,13.979
D,183,TRP,18.152,60.082,11.565
D,184,ASP,16.28,62.621,13.691
D,185,PHE,19.114,62.324,16.213
D,186,TRP,21.929,62.412,13.647
D,187,SER,20.42,65.264,11.614
D,188,LEU,19.87,67.321,14.796
D,189,ARG,23.423,66.541,15.986
D,190,PRO,25.686,67.111,12.925
D,191,GLU,28.853,66.53,14.978
D,192,SER,28.026,62.918,14.026
D,193,LEU,28.894,63.579,10.354
D,194,HIS,32.483,62.318,10.581
D,195,GLN,31.711,58.935,12.141
D,196,VAL,28.491,58.547,10.115
D,197,SER,30.609,58.952,6.975
D,198,PHE,33.06,56.281,8.175
D,199,LEU,30.217,53.992,9.304
D,200,PHE,28.503,54.064,5.911
D,201,SER,31.737,53.48,3.967
D,202,ASP,33.285,50.053,3.185
D,203,ARG,34.773,49.662,6.67
D,204,GLY,31.264,49.751,8.127
D,205,ILE,31.135,45.962,7.722
D,206,PRO,34.559,44.316,8.236
D,207,ASP,35.134,40.721,7.13
D,208,GLY,35.279,39.327,10.644
D,209,HIS,37.313,40.654,13.564
D,210,ARG,40.753,39.799,12.18
D,211,HIS,40.395,42.187,9.228
D,212,MET,39.842,45.525,10.971
D,213,ASN,41.931,48.032,12.926
D,214,GLY,41.549,48.968,16.58
D,215,TYR,41.865,52.447,18.13
D,216,GLY,41.763,53.961,21.597
D,217,SER,39.926,56.793,19.779
D,218,HIS,40.327,59.249,22.663
D,219,THR,43.388,61.33,23.319
D,220,PHE,45.079,59.901,26.428
D,221,LYS,48.009,61.117,28.508
D,222,LEU,51.413,59.464,28.936
D,223,VAL,53.723,60.3,31.849
D,224,ASN,57.43,59.415,31.98
D,225,ALA,59.845,58.738,34.858
D,226,ASN,60.708,62.463,35.153
D,227,GLY,57.061,63.467,35.56
D,228,GLU,56.907,64.932,32.054
D,229,ALA,53.67,64.358,30.15
D,230,VAL,52.489,64.253,26.545
D,231,TYR,49.149,63.482,24.906
D,232,CYS,48.731,60.407,22.733
D,233,LYS,46.47,58.285,20.536
D,234,PHE,46.6,54.477,20.521
D,235,HIS,46.447,52.605,17.197
D,236,TYR,46.565,48.867,16.491
D,237,LYS,46.595,47.971,12.776
D,238,THR,45.634,44.522,11.51
D,239,ASP,48.521,42.393,10.263
D,240,GLN,45.981,40.326,8.295
D,241,GLY,45.045,43.395,6.256
D,242,ILE,41.841,45.429,5.984
D,243,LYS,39.075,43.386,4.364
D,244,ASN,35.373,44.226,4.204
D,245,LEU,32.148,42.476,3.256
D,246,SER,29.921,43.877,0.516
D,247,VAL,26.398,44.853,1.557
D,248,GLU,25.122,41.779,-0.345
D,249,ASP,27.491,39.25,1.251
D,250,ALA,26.915,40.76,4.704
D,251,ALA,23.142,40.404,4.289
D,252,ARG,23.438,36.793,3.11
D,253,LEU,25.8,35.934,5.974
D,254,SER,23.525,37.53,8.598
D,255,GLN,20.969,34.864,7.668
D,256,GLU,23.336,31.984,6.837
D,257,ASP,25.544,32.48,9.874
D,258,PRO,24.63,35.121,12.496
D,259,ASP,27.789,34.059,14.376
D,260,TYR,30.213,34.552,11.475
D,261,GLY,32.677,36.641,13.5
D,262,ILE,32.725,34.195,16.413
D,263,ARG,33.284,31.197,14.109
D,264,ASP,35.966,32.91,12.003
D,265,LEU,37.998,33.909,15.075
D,266,PHE,37.692,30.536,16.832
D,267,ASN,38.695,28.557,13.749
D,268,ALA,41.613,30.864,12.895
D,269,ILE,43.085,30.384,16.38
D,270,ALA,42.235,26.655,16.48
D,271,THR,44.157,26.074,13.23
D,272,GLY,47.217,28.061,14.323
D,273,LYS,46.421,31.177,12.277
D,274,TYR,46.928,33.54,15.233
D,275,PRO,45.792,37.063,14.291
D,276,SER,48.045,39.958,15.245
D,277,TRP,47.971,43.749,15.216
D,278,THR,50.875,46.19,15.155
D,279,PHE,50.56,48.626,18.091
D,280,TYR,51.412,52.334,17.576
D,281,ILE,50.96,55.694,19.274
D,282,GLN,50.71,59.265,18.031
D,283,VAL,52.249,61.876,20.328
D,284,MET,51.209,65.5,20.791
D,285,THR,53.1,67.763,23.212
D,286,PHE,51.218,70.183,25.454
D,287,ASN,52.516,73.044,23.276
D,288,GLN,51.136,71.393,20.126
D,289,ALA,47.838,70.829,21.933
D,290,GLU,47.586,74.629,22.283
D,291,THR,48.059,75.183,18.534
D,292,PHE,45.953,72.313,17.109
D,293,PRO,43.319,73.858,14.747
D,294,PHE,40.564,71.935,16.542
D,295,ASN,40.039,70.744,20.105
D,296,PRO,42.631,67.945,20.39
D,297,PHE,40.272,66.289,22.917
D,298,ASP,37.258,66.377,20.56
D,299,LEU,36.352,62.734,19.844
D,300,THR,34.909,63.658,16.421
D,301,LYS,38.424,64.646,15.265
D,302,VAL,41.546,62.718,14.258
D,303,TRP,45.161,63.928,14.488
D,304,PRO,46.368,64.005,10.833
D,305,HIS,49.1,61.382,10.301
D,306,LYS,51.305,63.731,8.265
D,307,ASP,51.452,66.07,11.28
D,308,TYR,51.485,63.361,13.99
D,309,PRO,53.22,60.228,12.572
D,310,LEU,52.464,56.793,13.984
D,311,ILE,55.253,55.601,16.296
D,312,PRO,55.665,51.782,16.569
D,313,VAL,55.429,50.299,20.067
D,314,GLY,54.634,46.605,19.893
D,315,LYS,52.385,43.741,18.829
D,316,LEU,49.074,42.255,19.952
D,317,VAL,48.764,38.513,19.302
D,318,LEU,45.707,36.328,19.955
D,319,ASN,46.651,32.661,20.259
D,320,ARG,44.175,31.13,22.697
D,321,ASN,40.448,30.458,22.421
D,322,PRO,38.067,30.669,25.391
D,323,VAL,37.45,27.31,27.108
D,324,ASN,34.1,28.414,28.541
D,325,TYR,32.506,31.361,26.736
D,326,PHE,30.189,32.453,29.552
D,327,ALA,32.955,32.509,32.163
D,328,GLU,35.66,34.068,29.974
D,329,VAL,33.772,36.198,27.461
D,330,GLU,30.231,36.996,28.605
D,331,GLN,31.558,37.851,32.087
D,332,ILE,34.651,39.831,31.027
D,333,ALA,34.624,43.497,32.054
D,334,PHE,36.782,46.308,30.674
D,335,ASP,36.985,49.653,32.525
D,336,PRO,38.637,52.622,30.73
D,337,SER,39.454,53.866,34.262
D,338,ASN,41.813,50.894,34.71
D,339,MET,45.037,52.767,33.87
D,340,PRO,48.39,51.979,35.561
D,341,PRO,51.055,54.59,36.437
D,342,GLY,52.389,56.09,33.21
D,343,ILE,49.004,56.184,31.446
D,344,GLU,46.293,58.705,32.338
D,345,ALA,43.08,60.278,31.096
D,346,SER,42.899,63.428,28.973
D,347,PRO,40.2,66.137,29.348
D,348,ASP,38.146,64.531,26.516
D,349,LYS,34.58,64.891,27.861
D,350,MET,33.591,61.535,26.356
D,351,LEU,36.493,59.697,28.016
D,352,GLN,35.712,61.51,31.273
D,353,GLY,32.157,60.139,31.186
D,354,ARG,33.424,56.617,30.484
D,355,LEU,35.614,56.788,33.616
D,356,PHE,32.367,56.558,35.595
D,357,ALA,30.088,54.455,33.368
D,358,TYR,31.945,51.152,33.037
D,359,PRO,32.661,50.224,36.667
D,360,ASP,29.129,51.45,37.378
D,361,THR,27.448,49.221,34.777
D,362,HIS,29.682,46.281,35.767
D,363,ARG,28.534,46.485,39.397
D,364,HIS,24.993,46.074,37.993
D,365,ARG,25.563,43.571,35.146
D,366,LEU,28.017,41.316,36.961
D,367,GLY,27.92,42.338,40.604
D,368,PRO,29.643,44.427,43.314
D,369,ASN,32.603,42.026,43.315
D,370,TYR,32.925,41.6,39.536
D,371,LEU,36.702,42.109,39.817
D,372,HIS,36.817,38.766,41.716
D,373,ILE,35.618,36.9,38.6
D,374,PRO,38.772,35.066,37.331
D,375,VAL,38.91,36.727,33.906
D,376,ASN,38.609,40.207,35.499
D,377,CYS,41.148,39.593,38.28
D,377,CYS,41.196,39.546,38.233
D,378,PRO,44.433,41.576,38.016
D,379,TYR,46.227,38.25,38.627
D,380,ARG,49.714,39.627,37.945
D,381,ALA,49.377,42.148,40.786
D,382,ARG,48.764,41.844,44.524
D,383,VAL,45.434,43.505,45.356
D,384,ALA,45.873,44.982,48.826
D,385,ASN,43.6,47.721,50.13
D,386,TYR,40.895,48.666,52.623
D,387,GLN,37.884,47.416,50.668
D,388,ARG,35.874,44.591,52.242
D,389,ASP,32.778,42.409,51.97
D,390,GLY,29.959,42.838,49.454
D,391,PRO,27.816,40.165,47.665
D,392,MET,29.596,37.02,46.463
D,393,CYS,32.892,37.77,48.209
D,394,MET,34.795,34.918,46.554
D,395,GLN,38.289,35.461,47.895
D,396,ASP,39.626,35.408,51.477
D,397,ASN,38.363,39.021,51.791
D,398,GLN,41.91,39.985,52.827
D,399,GLY,41.64,37.908,56.005
D,400,GLY,42.137,39.652,59.314
D,401,ALA,44.159,42.58,57.961
D,402,PRO,43.45,45.977,59.637
D,403,ASN,40.615,47.488,57.577
D,404,TYR,41.124,51.239,58.042
D,405,TYR,43.719,53.692,56.725
D,406,PRO,45.822,55.129,58.2
D,407,ASN,46.681,52.51,60.811
D,408,SER,49.57,51.576,63.117
D,409,PHE,49.287,47.867,62.376
D,410,GLY,51.232,47.237,59.164
D,411,ALA,48.394,47.162,56.615
D,412,PRO,48.871,48.373,52.957
D,413,GLU,50.561,51.727,52.335
D,414,GLN,50.135,54.223,49.508
D,415,GLN,53.028,54.53,47.037
D,416,PRO,53.969,58.208,46.336
D,417,SER,55.57,57.342,42.971
D,418,ALA,52.1,56.341,41.726
D,419,LEU,50.743,59.881,42.194
D,420,GLU,48.926,61.348,39.169
D,421,HIS,50.014,64.253,36.948
D,422,SER,49.092,67.761,38.155
D,423,ILE,47.79,70.335,35.674
D,424,GLN,46.351,73.845,35.875
D,425,TYR,43.102,74.487,33.974
D,426,SER,41.574,77.891,33.224
D,427,GLY,37.958,78.954,32.859
D,428,GLU,34.829,78.754,34.996
D,429,VAL,33.334,75.5,36.236
D,430,ARG,30.188,75.221,34.105
D,431,ARG,28.58,73.589,31.065
D,432,PHE,30.324,74.739,27.866
D,433,ASN,28.408,74.162,24.625
D,434,THR,30.326,72.167,21.983
D,435,ALA,27.459,71.54,19.537
D,436,ASN,28.881,74.29,17.334
D,437,ASP,32.481,73.073,17.28
D,438,ASP,33.645,72.248,13.739
D,439,ASN,31.38,69.508,12.362
D,440,VAL,32.376,69.43,8.667
D,441,THR,36.036,70.215,7.872
D,442,GLN,37.633,66.858,8.633
D,443,VAL,34.56,65.141,7.161
D,444,ARG,35.156,67.009,3.883
D,445,ALA,38.739,65.719,3.863
D,446,PHE,37.43,62.189,4.448
D,447,TYR,34.934,62.386,1.595
D,448,VAL,37.335,64.035,-0.863
D,449,ASN,40.764,62.578,0.022
D,450,VAL,40.349,59.38,2.068
D,451,LEU,37.738,57.979,-0.322
D,452,ASN,37.837,57.685,-4.11
D,453,GLU,35.043,57.979,-6.69
D,454,GLU,33.709,54.394,-6.411
D,455,GLN,33.87,54.493,-2.589
D,456,ARG,32.006,57.821,-2.44
D,457,LYS,29.319,56.295,-4.672
D,458,ARG,28.819,53.297,-2.369
D,459,LEU,28.862,55.626,0.659
D,460,CYS,25.993,57.693,-0.757
D,461,GLU,24.098,54.542,-1.786
D,462,ASN,24.459,53.039,1.704
D,463,ILE,23.238,56.225,3.4
D,464,ALA,20.292,56.714,1.02
D,465,GLY,19.284,53.063,1.314
D,466,HIS,18.718,53.517,5.046
D,467,LEU,17.732,57.209,5.18
D,468,LYS,14.912,56.668,2.653
D,469,ASP,12.733,55.165,5.389
D,470,ALA,12.887,58.334,7.5
D,471,GLN,10.268,61.075,7.009
D,472,ILE,10.943,63.694,4.326
D,473,PHE,11.598,66.504,6.839
D,474,ILE,14.298,64.334,8.435
D,475,GLN,15.705,63.437,4.995
D,476,LYS,15.873,67.167,4.176
D,477,LYS,17.786,68.117,7.329
D,478,ALA,20.191,65.187,6.976
D,479,VAL,20.861,66.179,3.343
D,480,LYS,21.431,69.802,4.414
D,481,ASN,24.201,68.565,6.731
D,482,PHE,25.817,66.395,4.034
D,483,THR,25.677,69.3,1.574
D,484,GLU,27.529,71.486,4.076
D,485,VAL,30.295,68.854,4.132
D,486,HIS,30.367,68.879,0.32
D,487,PRO,27.728,69.747,-2.328
D,488,ASP,28.493,66.529,-4.243
D,489,TYR,27.947,64.476,-1.056
D,490,GLY,24.53,66.015,-0.421
D,491,SER,23.342,66.071,-4.042
D,492,HIS,24.268,62.435,-4.721
D,493,ILE,22.336,61.312,-1.625
D,494,GLN,19.373,63.509,-2.622
D,495,ALA,19.271,62.035,-6.145
D,496,LEU,19.159,58.52,-4.672
D,497,LEU,16.489,59.571,-2.163
D,498,ASP,14.378,60.997,-5.0
D,499,LYS,14.491,57.63,-6.765
D,500,TYR,13.452,55.815,-3.576
D,501,ASN,10.714,58.336,-2.728
